{
  "brand_id": 0.0,
  "window_size": 0.0,
  "window_size_days": 0.0,
  "recency_days_mean": -0.0028100585860655336,
  "recency_days_median": 0.0014962780084539402,
  "recency_days_p90": 0.0,
  "active_users": -0.0012958444624829128,
  "new_users": 0.0028986780506008447,
  "returning_users": 0.003945749102246099,
  "dormant_share": -0.00033236359139314037,
  "total_events": -0.0012924077986668687,
  "total_logins": 0.0,
  "total_views": 0.0,
  "avg_events_per_active": -0.00183093491103777,
  "session_proxy_login_to_view": -0.0023706317241018646,
  "activity_events": -0.0030347476535009057,
  "activity_completed_events": 0.0,
  "activity_completion_rate": 0.001165472100271736,
  "activity_points_sum": -0.002270197499296245,
  "activity_points_per_active": -0.002810129447536817,
  "activity_redeem_count": 0.0014962780084539402,
  "activity_redeem_rate": -0.0007414427558838735,
  "activity_redeem_per_active": -0.0012924077986668687,
  "activity_type_entropy": -0.001832940560356137,
  "activity_type_top_share": 0.0,
  "activity_type_login_count": 0.0,
  "activity_type_login_completion_rate": -0.006259710508635052,
  "activity_type_product_consume_uniquecode_count": 0.0,
  "activity_type_product_consume_uniquecode_completion_rate": 0.0,
  "activity_type_registration_count": 0.0,
  "activity_type_registration_completion_rate": 0.0,
  "activity_name_entropy": -0.00033472304737939645,
  "activity_name_top_share": -0.0007567324997654149,
  "redeem_user_low_share": -0.0014202400317433843,
  "redeem_user_med_share": 0.0013247808169920179,
  "redeem_user_high_share": 0.003858427295070429,
  "transaction_count": 0.0,
  "transaction_success_rate": 0.0014982175129767406,
  "gmv_net": -0.0028100585860655336,
  "gmv_sell": 0.0,
  "discount_rate": 0.0,
  "aov_net": 0.00020999679377087244,
  "items_per_transaction": 0.0,
  "paid_delay_hours": 0.0,
  "delivered_rate": 0.0,
  "shipped_rate": -0.0007567324997654149,
  "buyers": 0.0,
  "repeat_purchase_rate": 0.0007491087564883703,
  "sku_unique": 0.0,
  "sku_top_share": -0.0025938293879227783,
  "sku_entropy": -0.0007567324997654149,
  "status_success_rate": 0.0,
  "rfm_recency_mean": 0.0,
  "rfm_frequency_mean": 0.0,
  "rfm_monetary_mean": 0.005991342327206772,
  "rfm_score_mean": 0.0007491087564883703,
  "rfm_transition_up_share": 0.004488834025361821,
  "rfm_transition_down_share": 0.0,
  "rfm_dormant_share": -0.0029163226405024925,
  "rfm_recency_tier_1_pct": -0.0007643562430424596,
  "rfm_recency_tier_2_pct": -0.0003305667195780959,
  "rfm_recency_tier_3_pct": -0.001832940560356137,
  "rfm_recency_tier_4_pct": -0.0021593509521329324,
  "rfm_recency_tier_5_pct": -0.0032390264281993986,
  "rfm_frequency_tier_1_pct": 0.0,
  "rfm_frequency_tier_2_pct": 0.0,
  "rfm_frequency_tier_3_pct": -0.0012924077986668687,
  "rfm_frequency_tier_4_pct": 0.0,
  "rfm_frequency_tier_5_pct": 0.0,
  "rfm_monetary_tier_1_pct": 0.0,
  "rfm_monetary_tier_2_pct": 0.0,
  "rfm_monetary_tier_3_pct": 0.0,
  "rfm_monetary_tier_4_pct": 0.0,
  "rfm_monetary_tier_5_pct": 0.00801165278138997,
  "rfm_score_tier_1_pct": -7.623743277044663e-06,
  "rfm_score_tier_2_pct": -0.002350818031992922,
  "rfm_score_tier_3_pct": 0.0,
  "rfm_score_tier_4_pct": 0.0014982175129767406,
  "rfm_score_tier_5_pct": -0.0007567324997654149,
  "activity_type_referral_count": 0.0,
  "activity_type_referral_completion_rate": 0.0,
  "activity_type_upload_receipts_count": 0.0,
  "activity_type_upload_receipts_completion_rate": 0.0,
  "status_voided_rate": 0.0,
  "status_pending_rate": 0.0,
  "status_reject_rate": 0.0,
  "new_user_share": 0.0029863675915082024,
  "returning_user_share": 0.0,
  "gmv_per_active": 0.0,
  "transactions_per_active": -0.0007567324997654149,
  "points_per_completion": 0.0,
  "reward_efficiency": -0.0015134649995308298,
  "active_users_wow_pct": 0.19594684740507406,
  "active_users_mom_pct": 0.005249998158283383,
  "active_users_zscore": 0.06749334165608172,
  "active_users_volatility": 0.0007478581642910523,
  "gmv_net_wow_pct": 0.16078454191071048,
  "gmv_net_mom_pct": 0.009717247610561142,
  "gmv_net_zscore": -0.00751022334566287,
  "gmv_net_volatility": 0.0,
  "transaction_count_wow_pct": 0.07196461647593148,
  "transaction_count_mom_pct": -0.001285235080093335,
  "transaction_count_zscore": 0.003666112417148463,
  "transaction_count_volatility": 0.0011776932428854507,
  "activity_completion_rate_wow_pct": 0.058265354362016075,
  "activity_completion_rate_mom_pct": -0.014926882197779748,
  "activity_completion_rate_zscore": 0.008819124088571958,
  "activity_completion_rate_volatility": -0.0045354094796168365,
  "activity_redeem_rate_wow_pct": 0.0,
  "activity_redeem_rate_mom_pct": 0.002755025182614612,
  "activity_redeem_rate_zscore": -0.0015134649995308298,
  "activity_redeem_rate_volatility": 0.0038164308079238207,
  "reward_efficiency_wow_pct": 0.00027196552682236713,
  "reward_efficiency_mom_pct": -0.008525378924249169,
  "reward_efficiency_zscore": -0.012436482297457344,
  "reward_efficiency_volatility": -0.004631264345908733,
  "dormant_share_wow_pct": 0.011434888831987955,
  "dormant_share_mom_pct": -0.002596625128478617,
  "dormant_share_zscore": 0.017611890122778823,
  "dormant_share_volatility": 0.0017062748022248126,
  "activity_points_per_active_wow_pct": 0.0,
  "window_end_ordinal": 0.0016939597928413337,
  "window_end_month": 0.002998786310298892,
  "window_end_week": 0.0011747431271723248
}